Dyad,Balance_mean,Balance_variance,Volatility_mean,Volatility_variance,N_bins
F,32.00712331970258,230.3558305801138,12.627127899714639,205.67086553028867,30
K,44.89957277911838,444.85324546113463,22.56358075665312,618.9697785662094,21
S,40.48647160873989,110.11455228942232,9.406722315507519,69.74186897792036,23
T,47.908960202903565,98.20304310772865,8.95914487410334,68.87615541316319,18
