Dyad,Balance_corr,Volatility_corr,Balance_lag1_partner_to_subj,Volatility_lag1_partner_to_subj,N_bins
F,0.0696548659736538,0.2862677130981555,-0.29980873687047016,0.19583823398571182,29
K,-0.41213232442733255,0.8370796959322838,0.4458873441467956,0.6000302076841884,21
S,0.6938089061868199,0.571265098313213,-0.0380682984628121,0.2531082538360539,23
T,0.41573441793224303,0.6609618141576099,-0.24567815862580802,0.07565539138210489,18
