Dyad_1,Dyad_2,Delta_balance_mean,Delta_volatility_mean
F,K,12.8924494594158,9.936452856938482
F,S,8.479348289037311,3.2204055842071195
F,T,15.901836883200986,3.6679830256112993
K,S,4.413101170378489,13.156858441145602
K,T,3.009387423785185,13.604435882549781
S,T,7.422488594163674,0.44757744140417977
